dim,spread,noise_bound,h_threshold,delta,trial_id,success,time_lll,h_ratio_init,h_ratio_reduced,shortest_gs_norm,noise_norm
20,3,3,0.800000000000000,0.750000000000000,4,True,0.4321732521057129,2.7755063110776474e-21,0.7935113205669074,0.48972988574020704,9.327379053088816
20,3,3,0.800000000000000,0.800000000000000,3,True,0.4324824810028076,3.810502657167938e-21,0.7989997505766356,0.45256687294631015,9.327379053088816
20,3,3,0.800000000000000,0.750000000000000,2,True,0.42104411125183105,2.7855984188192084e-21,0.8004780887511933,0.3950897473614301,9.327379053088816
20,3,3,0.800000000000000,0.750000000000000,1,True,0.4389464855194092,1.9814985668030574e-20,0.7952362405985537,0.6433105703024764,9.327379053088816
20,3,3,0.800000000000000,0.750000000000000,0,True,0.4280233383178711,3.7360919466759035e-19,0.804530750378917,0.5642034980200802,9.327379053088816
20,3,3,0.800000000000000,0.990000000000000,0,True,0.41759538650512695,1.1617514410797958e-20,0.808532780894438,0.5604567963623633,9.327379053088816
20,3,3,0.800000000000000,0.800000000000000,4,True,0.42400264739990234,2.6513081589661927e-21,0.7790596330873664,0.4754392146084321,9.327379053088816
20,3,3,0.800000000000000,0.800000000000000,0,True,0.4336991310119629,4.249337855344583e-21,0.8021453832611604,0.46034840366461677,9.327379053088816
20,3,3,0.800000000000000,0.800000000000000,2,True,0.42771005630493164,6.6938167839236646e-21,0.8068501039709594,0.5700866356113065,9.327379053088816
20,3,3,0.800000000000000,0.800000000000000,1,True,0.42844247817993164,9.635987105951554e-19,0.808726517733526,0.42912690943917375,9.327379053088816
20,3,3,0.800000000000000,0.750000000000000,3,True,0.4317343235015869,1.2836885898203032e-20,0.7931103459648248,0.6522622695302286,9.327379053088816
20,3,3,0.800000000000000,0.990000000000000,2,True,0.008585214614868164,8.574623897826171e-22,0.8248949116946412,0.3886322165568212,8.366600265340756
20,3,3,0.800000000000000,0.990000000000000,4,True,0.005601644515991211,9.67531580235635e-22,0.8248949116946418,0.35769650850857543,8.366600265340756
20,3,3,0.800000000000000,0.990000000000000,3,True,0.012567281723022461,9.67531580235635e-22,0.8248949116946418,0.35769650850857543,8.366600265340756
20,3,3,0.800000000000000,0.990000000000000,1,True,0.005450725555419922,4.481125099807977e-19,0.8238144755467076,0.5108366829424653,8.366600265340756
20,3,5,0.800000000000000,0.750000000000000,0,False,0.008021831512451172,6.209628412075174e-22,0.7491637658964291,0.35965596382619025,15.524174696260024
20,3,5,0.800000000000000,0.750000000000000,3,False,0.008082866668701172,8.574623897826171e-22,0.5995446657452926,0.3886322165568212,15.524174696260024
20,3,5,0.800000000000000,0.750000000000000,1,False,0.006840229034423828,7.638329434095555e-22,0.7988002998503455,0.4057956793716174,15.524174696260024
20,3,5,0.800000000000000,0.750000000000000,2,False,0.009724617004394531,1.0918451670454314e-21,0.7594046261494745,0.40984752258842777,15.524174696260024
20,3,5,0.800000000000000,0.750000000000000,4,False,0.006346464157104492,1.4093718164075678e-21,0.8051546353317874,0.5199979202104703,15.524174696260024
20,3,5,0.800000000000000,0.800000000000000,2,True,0.0022916793823242188,5.165959251799352e-22,0.846229801177083,0.3430655986249405,13.638181696985855
20,3,5,0.800000000000000,0.800000000000000,3,True,0.0025472640991210938,5.056665470089802e-22,0.8417426400264528,0.36206123813131635,13.638181696985855
20,3,5,0.800000000000000,0.800000000000000,0,True,0.006736278533935547,1.715073577915457e-21,0.8168171538234706,0.544724066387211,15.524174696260024
20,3,5,0.800000000000000,0.800000000000000,1,True,0.00743865966796875,2.04347344384578e-21,0.819025055156128,0.5898845655474515,15.524174696260024
20,3,5,0.800000000000000,0.800000000000000,4,True,0.002523660659790039,5.765895781597821e-22,0.8472196596551558,0.38576371615237437,13.638181696985855
20,3,5,0.800000000000000,0.990000000000000,0,True,0.003548145294189453,3.2953189517116146e-21,0.8472196596551561,0.48893584382522703,13.638181696985855
20,3,8,0.800000000000000,0.750000000000000,1,False,0.002095937728881836,3.2005533310234223e-21,0.8243871855066033,0.48256991320459336,17.578395831246947
20,3,8,0.800000000000000,0.750000000000000,2,False,0.0022203922271728516,8.611261115348085e-21,0.8252123307263868,0.5897242008234036,17.578395831246947
20,3,5,0.800000000000000,0.990000000000000,4,False,0.002658843994140625,1.3504300994423677e-21,0.8311050478577264,0.4445987305999416,15.427248620541512
20,3,8,0.800000000000000,0.800000000000000,0,False,0.0021567344665527344,6.6666003276946334e-21,0.8286214324251686,0.46444128204891605,17.578395831246947
20,3,5,0.800000000000000,0.990000000000000,1,True,0.005203962326049805,9.79776384667108e-22,0.8268562312615203,0.40530427326178553,15.427248620541512
20,3,5,0.800000000000000,0.990000000000000,3,True,0.0038652420043945312,1.0484021024719847e-21,0.8272356207644019,0.3655221476489393,15.427248620541512
20,3,8,0.800000000000000,0.750000000000000,0,False,0.003514528274536133,1.0131674610275572e-21,0.8257283682749594,0.3650547791390828,21.6794833886788
20,3,5,0.800000000000000,0.990000000000000,2,False,0.0035810470581054688,1.1010932110957195e-21,0.8345295643820072,0.38110908072807775,15.427248620541512
20,3,8,0.800000000000000,0.750000000000000,4,False,0.0026106834411621094,1.1010932110957274e-21,0.8212566132532215,0.38110908072807775,21.6794833886788
20,3,8,0.800000000000000,0.800000000000000,2,False,0.00251007080078125,1.467328248248652e-21,0.8078338298018273,0.37984639306648454,24.576411454889016
20,3,8,0.800000000000000,0.800000000000000,1,False,0.003350973129272461,1.205005696275093e-20,0.8046640406188076,0.5400224344592988,17.578395831246947
20,3,8,0.800000000000000,0.800000000000000,3,False,0.0032989978790283203,1.107167748223724e-21,0.8180176271806275,0.3524674068787868,24.576411454889016
20,3,8,0.800000000000000,0.750000000000000,3,False,0.0030808448791503906,1.0173016718965105e-21,0.8282561448972526,0.38668855317280537,21.6794833886788
20,3,8,0.800000000000000,0.990000000000000,0,False,0.0023119449615478516,1.3687884239961866e-21,0.815383766239287,0.368751283546676,24.576411454889016
20,3,8,0.800000000000000,0.990000000000000,4,False,0.0066204071044921875,1.185557651152855e-20,0.783344993895059,0.559215395965694,17.832554500127006
20,3,8,0.800000000000000,0.800000000000000,4,False,0.0030083656311035156,4.6864215730375046e-21,0.7818598195115422,0.41660665602517105,17.832554500127006
20,3,8,0.800000000000000,0.990000000000000,3,False,0.0025365352630615234,3.766196682335639e-21,0.7912124028956676,0.34883369243127926,17.832554500127006
20,3,8,0.800000000000000,0.990000000000000,2,False,0.003331899642944336,3.3290026359837824e-21,0.7912215582593728,0.3581147620605951,17.832554500127006
20,6,3,0.800000000000000,0.750000000000000,0,True,0.003112316131591797,1.9626601121434678e-26,0.8450887773596004,0.5080190612619474,9.219544457292887
20,6,3,0.800000000000000,0.750000000000000,2,True,0.002413511276245117,7.9387643161255e-26,0.8202764403126687,0.4930637847542913,9.433981132056603
20,3,8,0.800000000000000,0.990000000000000,1,False,0.003284454345703125,2.7486667136234133e-21,0.7865038027123411,0.33884649415752044,17.832554500127006
20,6,3,0.800000000000000,0.800000000000000,0,True,0.0025033950805664062,6.038778192350121e-27,0.8345534709165195,0.36610517523849295,9.486832980505138
20,6,3,0.800000000000000,0.750000000000000,1,True,0.0023741722106933594,9.111879903472151e-27,0.832423743395398,0.43714877769079874,9.486832980505138
20,6,3,0.800000000000000,0.750000000000000,3,True,0.0027179718017578125,7.123993807188348e-27,0.8260639543843191,0.47952270284884635,9.486832980505138
20,6,3,0.800000000000000,0.750000000000000,4,True,0.004224300384521484,3.2988979307644724e-27,0.8382480791970442,0.3826564201606047,9.219544457292887
20,6,3,0.800000000000000,0.800000000000000,2,True,0.0037102699279785156,8.609839954191325e-27,0.8293016777446771,0.4046387326583091,9.0
20,6,3,0.800000000000000,0.990000000000000,2,True,0.0029773712158203125,1.1791004335841115e-26,0.8392189760772684,0.49803173443274845,9.0
20,6,3,0.800000000000000,0.800000000000000,1,True,0.003065824508666992,2.6025889661653034e-26,0.8408208291599918,0.4351573863998049,9.0
20,6,3,0.800000000000000,0.800000000000000,3,True,0.003797292709350586,1.7487620354861967e-26,0.8450884417453579,0.3753283869127654,9.0
20,6,3,0.800000000000000,0.800000000000000,4,True,0.0035572052001953125,8.969906765579395e-27,0.8419281661940193,0.409680473021239,9.0
20,6,3,0.800000000000000,0.990000000000000,4,True,0.0029189586639404297,1.5827659479059485e-26,0.8541362280449798,0.5635071422943211,9.695359714832659
20,6,3,0.800000000000000,0.990000000000000,1,True,0.0037527084350585938,2.3689789192797318e-26,0.8219766300693353,0.44300939575946285,8.366600265340756
20,6,3,0.800000000000000,0.990000000000000,0,True,0.003429889678955078,1.622490324022499e-27,0.8577715546345402,0.43317591041924713,9.055385138137417
20,6,3,0.800000000000000,0.990000000000000,3,True,0.003821849822998047,1.1683987164001951e-26,0.8541362280449798,0.4356751738414206,9.695359714832659
20,6,5,0.800000000000000,0.750000000000000,1,True,0.002936124801635742,3.2423329684359054e-27,0.8443960905856174,0.46494083237565464,12.806248474865697
20,6,5,0.800000000000000,0.750000000000000,0,True,0.003031492233276367,7.955494062588582e-27,0.8177983210736046,0.45190613035424365,15.427248620541512
20,6,5,0.800000000000000,0.750000000000000,2,True,0.0023260116577148438,2.774684726155012e-26,0.7527360935628976,0.45833266645380044,13.638181696985855
20,6,5,0.800000000000000,0.800000000000000,3,True,0.0025482177734375,1.0780700716159391e-26,0.8367852194270354,0.4534522513263166,14.352700094407323
20,6,5,0.800000000000000,0.750000000000000,3,True,0.0031058788299560547,9.522682322088178e-27,0.7805766405368393,0.36763145943762365,13.638181696985855
20,6,5,0.800000000000000,0.750000000000000,4,True,0.003164052963256836,1.5621919802928966e-25,0.723795042055858,0.5521901630240587,13.638181696985855
20,6,5,0.800000000000000,0.800000000000000,2,True,0.003492116928100586,3.3622151123263925e-26,0.848042426764221,0.5930696411642858,15.684387141358123
20,6,5,0.800000000000000,0.800000000000000,4,True,0.0025110244750976562,6.566526817032915e-27,0.8129955736107527,0.35931216791743603,13.92838827718412
20,6,5,0.800000000000000,0.800000000000000,0,True,0.003256082534790039,1.7971366110851182e-26,0.7991071497258176,0.4199738068944837,13.638181696985855
20,6,5,0.800000000000000,0.800000000000000,1,True,0.0022661685943603516,2.9280738725195266e-26,0.7878198557643237,0.48175785382830805,13.638181696985855
20,6,5,0.800000000000000,0.990000000000000,0,True,0.0038633346557617188,3.2930662992277933e-25,0.8460594196810763,0.3881002018150296,15.684387141358123
20,6,5,0.800000000000000,0.990000000000000,1,True,0.005174398422241211,8.237643220641769e-27,0.801178722325043,0.5502149707826182,13.92838827718412
20,6,5,0.800000000000000,0.990000000000000,2,True,0.0031003952026367188,3.860351816710394e-27,0.8536918585961416,0.4699675425052513,14.866068747318506
20,6,5,0.800000000000000,0.990000000000000,3,True,0.00379180908203125,5.243526330704472e-27,0.83933550196737,0.3851684780955199,14.317821063276353
20,6,5,0.800000000000000,0.990000000000000,4,True,0.003877878189086914,2.4521536050725603e-27,0.8629809852105722,0.3679621075482936,11.661903789690601
20,6,8,0.800000000000000,0.750000000000000,0,True,0.003856182098388672,5.243526330704435e-27,0.8333596958032936,0.3851684780955199,24.63736998950984
20,6,8,0.800000000000000,0.750000000000000,2,True,0.0023343563079833984,7.548446931039723e-26,0.811662962338105,0.4856568665741421,21.633307652783934
20,6,8,0.800000000000000,0.750000000000000,4,True,0.002888202667236328,9.297490571975055e-27,0.8230178184181313,0.534596420565712,24.63736998950984
20,6,8,0.800000000000000,0.750000000000000,3,True,0.002924203872680664,3.2216792975876442e-27,0.8644154168336504,0.5228206607360999,24.474476501040833
20,6,8,0.800000000000000,0.800000000000000,0,False,0.003175497055053711,7.446840563738097e-27,0.8294947699482795,0.4425305417396566,24.63736998950984
20,6,8,0.800000000000000,0.800000000000000,1,True,0.003312826156616211,2.129377506230457e-25,0.7896111288813639,0.4928600747222329,21.633307652783934
20,6,8,0.800000000000000,0.800000000000000,2,True,0.0032062530517578125,5.0462874929163405e-27,0.8048887008729128,0.4439200642537054,25.278449319529077
20,6,8,0.800000000000000,0.800000000000000,4,True,0.003328084945678711,2.2208451254747043e-26,0.8473447191797129,0.5663489227522471,19.924858845171276
20,6,8,0.800000000000000,0.750000000000000,1,True,0.0030128955841064453,2.6722423240797946e-27,0.8310699362973653,0.31539342110794616,24.63736998950984
20,6,8,0.800000000000000,0.800000000000000,3,True,0.003110170364379883,6.165740927067262e-26,0.8387734094965035,0.5023996246378352,21.817424229271428
20,6,8,0.800000000000000,0.990000000000000,0,True,0.0030069351196289062,3.846080933623469e-26,0.8411071108769901,0.48530878161854457,18.083141320025124
20,6,8,0.800000000000000,0.990000000000000,1,True,0.0039119720458984375,6.4415411493328836e-27,0.8541163246873255,0.45012804242989185,18.788294228055936
20,10,3,0.800000000000000,0.750000000000000,0,True,0.0027480125427246094,4.681803131992684e-31,0.8246609008505309,0.3881403887446143,7.937253933193772
20,6,8,0.800000000000000,0.990000000000000,3,True,0.004146099090576172,1.9085286118620206e-27,0.8477628350766908,0.36740496198387135,18.788294228055936
20,6,8,0.800000000000000,0.990000000000000,2,True,0.003161191940307617,5.702437014281025e-26,0.8551188768019721,0.45687408279447433,20.83266665599966
20,6,8,0.800000000000000,0.990000000000000,4,True,0.0044400691986083984,1.098178580049271e-27,0.8614578271539802,0.34420898268744093,19.82422760159901
20,10,3,0.800000000000000,0.750000000000000,2,True,0.003022909164428711,8.73424719203955e-32,0.8745242582317901,0.3959813690235964,8.774964387392123
20,10,3,0.800000000000000,0.750000000000000,3,True,0.0029153823852539062,4.087856384892314e-31,0.876134684622858,0.503634683157562,7.416198487095663
20,10,3,0.800000000000000,0.750000000000000,1,True,0.0033140182495117188,1.80608646040924e-30,0.8373757441857831,0.4695513042988819,7.937253933193772
20,10,3,0.800000000000000,0.800000000000000,0,True,0.0029036998748779297,5.003007657430247e-31,0.8596324709931218,0.43292145013121575,8.426149773176359
20,10,3,0.800000000000000,0.750000000000000,4,True,0.00458216667175293,6.715013527730949e-31,0.8036453169280461,0.4005003272885734,7.937253933193772
20,10,3,0.800000000000000,0.800000000000000,1,True,0.0048639774322509766,1.1679224778460696e-31,0.8639296188804646,0.39103098296934335,8.602325267042627
20,10,3,0.800000000000000,0.800000000000000,2,True,0.0026121139526367188,4.141097708295194e-31,0.8484310806378921,0.41759431691227455,7.810249675906654
20,10,3,0.800000000000000,0.800000000000000,3,True,0.00854945182800293,4.2592802734114004e-31,0.8344788295529056,0.4601523639876737,8.94427190999916
20,10,3,0.800000000000000,0.800000000000000,4,True,0.0034914016723632812,1.3789675597152167e-30,0.8529905813766894,0.4224064549463103,7.810249675906654
20,10,3,0.800000000000000,0.990000000000000,1,True,0.004842519760131836,3.8859781714537314e-31,0.8640573137917947,0.48222482111658077,7.211102550927978
20,10,3,0.800000000000000,0.990000000000000,0,True,0.00426483154296875,4.890939174162803e-31,0.8452788301859476,0.5093653627077871,7.937253933193772
20,10,5,0.800000000000000,0.750000000000000,0,True,0.009405136108398438,4.175106221907001e-31,0.8596268844177178,0.4374626844010741,14.035668847618199
20,10,3,0.800000000000000,0.990000000000000,3,True,0.012585878372192383,4.179350858127821e-31,0.8602349558286225,0.4285579468659693,9.643650760992955
20,10,3,0.800000000000000,0.990000000000000,4,True,0.012319564819335938,6.953129216105479e-31,0.8764681525446395,0.4418952141571056,8.660254037844386
20,10,3,0.800000000000000,0.990000000000000,2,True,0.00930166244506836,1.3438030644970035e-30,0.8582516516417237,0.40308473048381493,7.681145747868608
20,10,5,0.800000000000000,0.750000000000000,1,False,0.00877070426940918,9.137555424615372e-31,0.43950695969383075,0.42665201242690554,16.0312195418814
20,10,5,0.800000000000000,0.750000000000000,3,True,0.006984710693359375,2.5165072084446735e-31,0.8147506532136661,0.3806491130561082,14.966629547095765
20,10,5,0.800000000000000,0.750000000000000,2,True,0.010959148406982422,6.365874320545893e-32,0.6886001951080981,0.4217904962159786,12.767145334803704
20,10,5,0.800000000000000,0.750000000000000,4,True,0.00787043571472168,3.1659809679350988e-31,0.8542222695375132,0.42442214150328195,15.132745950421556
20,10,5,0.800000000000000,0.800000000000000,0,True,0.01023101806640625,3.0000208908199035e-31,0.8449415480308781,0.37700216545819865,14.966629547095765
20,10,5,0.800000000000000,0.800000000000000,1,True,0.0075528621673583984,1.785038802863735e-31,0.8455674743237971,0.4252118132366338,14.45683229480096
20,10,5,0.800000000000000,0.990000000000000,0,True,0.0023717880249023438,2.3124876624449344e-31,0.8335258674297998,0.3561721158307277,13.379088160259652
20,10,5,0.800000000000000,0.800000000000000,3,True,0.005135774612426758,1.8127416510332494e-31,0.8256264497576399,0.5095862505789123,13.038404810405298
20,10,5,0.800000000000000,0.800000000000000,2,True,0.010935306549072266,4.707729758964463e-31,0.8513167985628071,0.42977560064626574,15.556349186104047
20,10,5,0.800000000000000,0.800000000000000,4,True,0.0038437843322753906,5.455117633690608e-32,0.8761066508480773,0.3538158401863478,13.490737563232042
20,10,5,0.800000000000000,0.990000000000000,1,True,0.008724212646484375,6.39583034413313e-30,0.8523948845340648,0.4570271842547113,13.379088160259652
20,10,5,0.800000000000000,0.990000000000000,3,True,0.007566928863525391,4.095798881711613e-31,0.8626565559880739,0.5022468197795141,13.19090595827292
20,10,5,0.800000000000000,0.990000000000000,4,True,0.004315614700317383,6.2195055896435e-31,0.8466717734738128,0.417092553977067,15.0996688705415
20,10,5,0.800000000000000,0.990000000000000,2,True,0.0039196014404296875,5.017848475210579e-31,0.8202120254639208,0.43835037512112884,14.628738838327793
20,10,8,0.800000000000000,0.750000000000000,1,True,0.004717588424682617,3.563118894043643e-31,0.8502283878043162,0.5282800857645434,21.095023109728988
20,10,8,0.800000000000000,0.750000000000000,4,True,0.003608226776123047,5.6330346551355324e-30,0.824930073500404,0.5603276416182831,20.322401432901575
20,10,8,0.800000000000000,0.750000000000000,0,True,0.003503084182739258,1.411623023545302e-30,0.850960437254471,0.5549817286735454,23.664319132398465
20,10,8,0.800000000000000,0.750000000000000,2,True,0.0028896331787109375,2.346850947254216e-31,0.8746165002821445,0.44041786305280084,21.72556098240043
20,10,8,0.800000000000000,0.800000000000000,1,True,0.0032775402069091797,3.106162107463508e-31,0.8424905210005997,0.42233342724075246,24.515301344262525
20,10,8,0.800000000000000,0.800000000000000,0,True,0.0032172203063964844,6.06152498230289e-32,0.8730604611922067,0.338376198250261,22.293496809607955
20,10,8,0.800000000000000,0.750000000000000,3,True,0.0035371780395507812,1.1553873325707728e-30,0.8357077012774776,0.47464243635883036,21.283796653792763
20,10,8,0.800000000000000,0.800000000000000,3,True,0.002694845199584961,1.7401992365354434e-30,0.8376847934660542,0.39982843602034374,24.49489742783178
20,10,8,0.800000000000000,0.800000000000000,2,True,0.003571748733520508,4.165900026787162e-31,0.8197684863729658,0.3781096421195341,18.947295321496416
20,10,8,0.800000000000000,0.800000000000000,4,True,0.0038611888885498047,3.484120871053139e-31,0.8702817578052623,0.6127195040011606,21.79449471770337
20,10,8,0.800000000000000,0.990000000000000,0,True,0.004614114761352539,9.668248183544023e-31,0.8738499529892754,0.5408089659164723,21.840329667841555
20,10,8,0.800000000000000,0.990000000000000,1,True,0.00450587272644043,1.261116334042059e-30,0.8590464306435841,0.4286566239891883,22.315913604421397
20,10,8,0.800000000000000,0.990000000000000,2,True,0.0035419464111328125,2.5775368722168964e-31,0.8400332269497938,0.3691812222234835,21.283796653792763
20,10,8,0.800000000000000,0.990000000000000,3,True,0.004193544387817383,2.6241764018722007e-31,0.8666231345386699,0.4138379305449187,18.2208671582886
20,10,8,0.800000000000000,0.990000000000000,4,True,0.004255533218383789,2.0722627511172424e-30,0.8642903847983162,0.5233029560731907,22.561028345356956
60,3,3,0.800000000000000,0.800000000000000,3,False,0.3391842842102051,3.454170524563404e-77,0.18460121316465863,0.24005186970236897,15.748015748023622
60,3,3,0.800000000000000,0.800000000000000,0,False,0.3483922481536865,2.4159712134846656e-80,0.16083099608771761,0.24923898656263907,16.06237840420901
60,3,3,0.800000000000000,0.750000000000000,1,False,0.3170764446258545,4.649497863236497e-81,0.11899953916494317,0.21938050993646835,13.892443989449804
60,3,3,0.800000000000000,0.990000000000000,0,True,0.47859883308410645,4.750396408831288e-80,0.8285674680550652,0.263488809060244,16.24807680927192
60,3,3,0.800000000000000,0.750000000000000,3,False,0.31495189666748047,2.9180794866660853e-80,0.08169793738654692,0.26474334971941027,16.76305461424021
60,3,3,0.800000000000000,0.750000000000000,0,False,0.3477165699005127,2.035122906759421e-80,0.1044179128512332,0.2189591611393507,16.61324772583615
60,3,3,0.800000000000000,0.750000000000000,4,False,0.35781073570251465,1.437898795816768e-79,0.1250437016833798,0.31389054960791735,14.7648230602334
60,3,3,0.800000000000000,0.800000000000000,4,False,0.36716699600219727,3.941713108008293e-79,0.18916939058406962,0.23511280335631576,16.492422502470642
60,3,3,0.800000000000000,0.800000000000000,1,False,0.3652496337890625,1.3760315408061332e-79,0.15262667475648914,0.27658297567712753,14.212670403551895
60,3,3,0.800000000000000,0.750000000000000,2,False,0.36037230491638184,3.2562120041969202e-80,0.12887004043442293,0.27462837218005925,16.09347693943108
60,3,3,0.800000000000000,0.800000000000000,2,False,0.37352681159973145,2.7420955327109396e-80,0.18262051478374194,0.29728300454411716,16.34013463836819
60,3,3,0.800000000000000,0.990000000000000,1,True,0.2377164363861084,1.4040185390202575e-80,0.829306402251801,0.23146223896215723,16.186414056238647
60,3,3,0.800000000000000,0.990000000000000,3,True,0.24857068061828613,1.1463014616724e-80,0.8315730055932257,0.22199746323494998,15.459624833740307
60,3,3,0.800000000000000,0.990000000000000,2,True,0.24327468872070312,2.9699163739059727e-80,0.8259561358276092,0.21701299203223104,15.811388300841898
60,3,5,0.800000000000000,0.750000000000000,0,False,0.13580012321472168,3.923599161956492e-79,0.1455025154184921,0.3353543700829974,26.962937525425527
60,3,3,0.800000000000000,0.990000000000000,4,True,0.29360437393188477,1.4104955713665962e-80,0.8226127887516842,0.24209320717070068,15.491933384829668
60,3,5,0.800000000000000,0.750000000000000,4,False,0.11139726638793945,5.859609447517462e-80,0.13080518640720432,0.27728854236975536,23.643180835073778
60,3,5,0.800000000000000,0.800000000000000,0,False,0.1589648723602295,6.54229123426204e-80,0.17132696657504098,0.24965740980584838,25.39685019840059
60,3,5,0.800000000000000,0.750000000000000,3,False,0.10829687118530273,2.1020050844491924e-80,0.08916033080921294,0.22365988538414183,25.39685019840059
60,3,5,0.800000000000000,0.750000000000000,1,False,0.15759921073913574,6.894774921466235e-80,0.1387776601458257,0.31443860674908725,27.11088342345192
60,3,5,0.800000000000000,0.750000000000000,2,False,0.11523008346557617,1.8676081274610212e-80,0.12887197753568713,0.2337015124290755,23.790754506740637
60,3,5,0.800000000000000,0.800000000000000,1,False,0.1741504669189453,3.515369858372757e-80,0.14202323796105465,0.2672298065772531,26.60826939130014
60,3,5,0.800000000000000,0.800000000000000,2,False,0.1465165615081787,5.473740154924011e-81,0.14979475869639544,0.2154053894058073,21.6794833886788
60,3,5,0.800000000000000,0.800000000000000,3,False,0.13719964027404785,6.965565547553099e-80,0.1982918615286156,0.287769357268484,26.13426869074396
60,3,5,0.800000000000000,0.800000000000000,4,False,0.10465836524963379,7.090856183487521e-81,0.147581415122908,0.21414468410222956,23.916521486202797
60,3,5,0.800000000000000,0.990000000000000,0,True,0.23678803443908691,9.299011550901136e-80,0.8318511303366135,0.25956913889706684,21.72556098240043
60,3,5,0.800000000000000,0.990000000000000,1,True,0.4133031368255615,1.509059977307694e-80,0.8388092174781248,0.2331264813285217,21.400934559032695
60,3,5,0.800000000000000,0.990000000000000,2,True,0.5017120838165283,1.5904450962325338e-79,0.8294958846064654,0.27779223863328734,23.021728866442675
60,3,5,0.800000000000000,0.990000000000000,3,True,0.42270874977111816,5.872943915726973e-81,0.8304794345939835,0.21488478031838137,25.019992006393608
60,3,5,0.800000000000000,0.990000000000000,4,True,0.44496870040893555,8.79340669199145e-81,0.839545639810278,0.3043213581636475,24.515301344262525
60,3,8,0.800000000000000,0.750000000000000,1,False,0.23024654388427734,3.8482142885168566e-80,0.09621847570682383,0.22348416707407615,37.389838191679836
60,3,8,0.800000000000000,0.750000000000000,0,False,0.2130725383758545,1.4400292020445953e-80,0.11326661580330946,0.23556187789906421,36.565010597564445
60,3,8,0.800000000000000,0.750000000000000,2,False,0.24959087371826172,7.744309672142967e-80,0.10097259341594457,0.24301434313914858,38.22302970723278
60,3,8,0.800000000000000,0.750000000000000,3,False,0.12439227104187012,6.5518533655139034e-80,0.13868270843285457,0.23337710129409595,37.589892258425
60,3,8,0.800000000000000,0.750000000000000,4,False,0.12846922874450684,5.238813790806017e-79,0.1254452385523761,0.20863477468240288,33.391615714128
60,3,8,0.800000000000000,0.800000000000000,0,False,0.12904667854309082,3.098550071259451e-80,0.17908263957938794,0.22719061868765322,36.89173349139343
60,3,8,0.800000000000000,0.800000000000000,1,False,0.20090818405151367,6.268842126013387e-81,0.1387900046408398,0.24360288050844447,40.33608806019741
60,3,8,0.800000000000000,0.800000000000000,2,False,0.14388561248779297,1.249186428851676e-79,0.09560839508740722,0.313158182973544,40.52159917870962
60,3,8,0.800000000000000,0.990000000000000,0,False,0.35166001319885254,3.394996301324498e-80,0.8297240493596006,0.28566333618661055,39.433488306260706
60,3,8,0.800000000000000,0.800000000000000,3,False,0.19267797470092773,1.9101045227134124e-80,0.15349071635524134,0.22080559070015643,36.41428291206625
60,3,8,0.800000000000000,0.990000000000000,1,False,0.3435220718383789,9.4092987657951e-80,0.8161723499530297,0.21648728379294424,35.53871128783372
60,3,8,0.800000000000000,0.800000000000000,4,False,0.19780445098876953,4.912980237324693e-81,0.17838687540567866,0.24694223771909668,35.66510900025401
60,3,8,0.800000000000000,0.990000000000000,2,True,0.3537282943725586,1.4033514235189522e-80,0.8372036892554526,0.2577711307348296,40.98780306383839
60,3,8,0.800000000000000,0.990000000000000,3,True,0.3757212162017822,1.1516046128814523e-78,0.8187986354041512,0.2740693292613723,40.91454509095757
60,3,8,0.800000000000000,0.990000000000000,4,True,0.3198678493499756,1.1002719749286981e-79,0.8240030867438769,0.24154199313065527,37.92097045171708
60,6,3,0.800000000000000,0.750000000000000,0,False,0.16914129257202148,1.2355701789046381e-98,0.11177756311137721,0.22464484885819352,14.730919862656235
60,6,3,0.800000000000000,0.750000000000000,1,True,0.20401239395141602,1.2878042298744566e-98,0.12256575062809737,0.26017105786629685,15.968719422671311
60,6,3,0.800000000000000,0.750000000000000,2,False,0.19990015029907227,4.4871790928692657e-97,0.06796090157582474,0.26189893757924876,14.45683229480096
60,6,3,0.800000000000000,0.750000000000000,3,True,0.22687125205993652,1.5375116001641866e-97,0.15203175866586288,0.25336158735554903,14.45683229480096
60,6,3,0.800000000000000,0.750000000000000,4,False,0.21352648735046387,2.754974861044969e-98,0.147038614996032,0.22416248059454216,15.394804318340652
60,6,3,0.800000000000000,0.990000000000000,0,True,0.46906304359436035,1.8263747651967103e-97,0.8371966068392813,0.2824912728754919,16.492422502470642
60,6,3,0.800000000000000,0.800000000000000,2,True,0.23188042640686035,1.517329480408682e-98,0.1751999113712875,0.23448116719963538,15.0996688705415
60,6,3,0.800000000000000,0.800000000000000,0,True,0.25505757331848145,1.6355780027549784e-97,0.16773753987313186,0.2824213945193908,17.175564037317667
60,6,3,0.800000000000000,0.800000000000000,1,False,0.22615933418273926,6.82287101422023e-97,0.13805466440601974,0.2594583847962699,16.401219466856727
60,6,3,0.800000000000000,0.800000000000000,4,True,0.2445969581604004,1.5379322900605458e-97,0.15961147373138898,0.24995879708730315,14.933184523068078
60,6,3,0.800000000000000,0.800000000000000,3,True,0.2520182132720947,3.698761993054112e-98,0.14096634651899254,0.2628486937940586,14.696938456699067
60,6,3,0.800000000000000,0.990000000000000,1,True,0.774169921875,1.6505386416544224e-98,0.8468237767659288,0.23326344096978122,14.66287829861518
60,6,3,0.800000000000000,0.990000000000000,2,True,0.426546573638916,4.3644084652256775e-98,0.8418544252431398,0.21656880283015018,14.352700094407323
60,6,3,0.800000000000000,0.990000000000000,3,True,0.39456915855407715,1.754251757300461e-98,0.8528465741266111,0.25162628059459385,15.165750888103101
60,6,3,0.800000000000000,0.990000000000000,4,True,0.42789793014526367,1.0752915845926065e-97,0.8400961815203024,0.24474355686512736,15.066519173319364
60,6,5,0.800000000000000,0.750000000000000,1,False,0.2750661373138428,8.526605874041932e-98,0.11349928279611422,0.2560182893895827,24.06241883103193
60,6,5,0.800000000000000,0.750000000000000,2,False,0.26916050910949707,3.4634314177300144e-98,0.1410919697221723,0.220630099714965,25.80697580112788
60,6,5,0.800000000000000,0.750000000000000,3,False,0.22404837608337402,4.16330350490809e-98,0.11343964961478739,0.24694398243694232,25.059928172283335
60,6,5,0.800000000000000,0.750000000000000,0,False,0.30745530128479004,2.1034810200848917e-97,0.140025829977052,0.2864535569248491,23.790754506740637
60,6,5,0.800000000000000,0.750000000000000,4,False,0.22525525093078613,1.1526751903324554e-96,0.09791227020264372,0.2712796864300559,25.748786379167466
60,6,5,0.800000000000000,0.800000000000000,1,False,0.25884413719177246,4.37940530693586e-99,0.1874945865631347,0.2364787042666962,25.709920264364882
60,6,5,0.800000000000000,0.800000000000000,0,False,0.23688602447509766,2.779020968434053e-97,0.11870349829222615,0.32455150284198214,25.079872407968907
60,6,5,0.800000000000000,0.800000000000000,2,False,0.19680380821228027,2.50663579027395e-97,0.1429922831990675,0.22476826512071757,26.5329983228432
60,6,5,0.800000000000000,0.800000000000000,3,False,0.25011324882507324,3.304331460697413e-98,0.18894720562094328,0.23221715219251893,26.43860813280457
60,6,5,0.800000000000000,0.800000000000000,4,False,0.22491693496704102,3.089025777905363e-98,0.13847740182212417,0.1999241726709792,24.08318915758459
60,6,5,0.800000000000000,0.990000000000000,0,True,0.4097750186920166,2.4070369180440095e-98,0.8482216751213889,0.20210466946067898,24.269322199023193
60,6,5,0.800000000000000,0.990000000000000,1,True,0.4326596260070801,7.044067095601128e-98,0.8369484327501256,0.2578563573393759,25.436194683953808
60,6,5,0.800000000000000,0.990000000000000,4,True,0.4378790855407715,5.520667457042627e-98,0.8485491468604108,0.3179589068252275,23.874672772626646
60,6,5,0.800000000000000,0.990000000000000,2,True,0.427386999130249,9.024670771742705e-98,0.8479705133124534,0.2788782428783991,26.90724809414742
60,6,5,0.800000000000000,0.990000000000000,3,True,0.41414666175842285,2.210359196404137e-97,0.8460096493102948,0.25047666480427366,24.919871588754226
60,6,8,0.800000000000000,0.750000000000000,0,False,0.23841595649719238,5.2875602421015704e-98,0.10359952325231754,0.3019464318154642,37.36308338453881
60,6,8,0.800000000000000,0.750000000000000,1,False,0.19877004623413086,4.372826501933677e-98,0.12579998630241376,0.2395812198690181,38.17066936798463
60,6,8,0.800000000000000,0.750000000000000,2,False,0.2410571575164795,1.947101977418664e-98,0.10328595138276012,0.20404086155610512,38.39270764090493
60,6,8,0.800000000000000,0.750000000000000,3,False,0.2367401123046875,5.2998245420284995e-98,0.11408290721430796,0.25709773687747656,36.68787265568828
60,6,8,0.800000000000000,0.750000000000000,4,False,0.22883057594299316,1.1884804555944655e-97,0.1256833598994565,0.27282558103712906,37.70941526992961
60,6,8,0.800000000000000,0.800000000000000,0,False,1.176943063735962,3.485674905415269e-98,0.12532182064677855,0.22780725634836368,36.68787265568828
60,6,8,0.800000000000000,0.800000000000000,1,False,0.24759721755981445,2.791297337015049e-98,0.15252900093002783,0.2228628272600869,37.54996671103717
60,6,8,0.800000000000000,0.990000000000000,0,True,0.37558627128601074,2.9469825343620323e-98,0.8418976101312056,0.2577152517975866,36.069377593742864
60,6,8,0.800000000000000,0.800000000000000,2,False,0.25323939323425293,5.884105691812249e-99,0.1348048795103328,0.20463299605163085,42.82522621072771
60,6,8,0.800000000000000,0.800000000000000,3,False,0.273547887802124,2.0058557949979146e-97,0.1727844753428973,0.2927624765064406,38.71692136521188
60,6,8,0.800000000000000,0.800000000000000,4,False,0.2723820209503174,2.1722909744405673e-97,0.1654985921553816,0.2675511347936644,37.70941526992961
60,6,8,0.800000000000000,0.990000000000000,1,True,0.48570919036865234,3.0815542747537444e-97,0.825578020535663,0.2841307376997863,34.42382895611701
60,6,8,0.800000000000000,0.990000000000000,4,True,0.3994588851928711,2.4213661356453903e-98,0.8557542049966809,0.243106082194956,38.43175770115127
60,6,8,0.800000000000000,0.990000000000000,2,True,0.4783949851989746,1.0227684813055956e-97,0.852983550628092,0.23484138432828336,36.837480912787726
60,6,8,0.800000000000000,0.990000000000000,3,True,0.5005903244018555,4.8954356780647104e-98,0.8391495785567185,0.24987551629468682,37.16180835212409
60,10,3,0.800000000000000,0.750000000000000,1,True,0.21300053596496582,5.4523693286918605e-111,0.1576292285477504,0.26945091759929324,15.297058540778353
60,10,3,0.800000000000000,0.750000000000000,0,True,0.265545129776001,2.845919053393667e-111,0.12476994878378808,0.2859312888145607,16.24807680927192
60,10,3,0.800000000000000,0.750000000000000,2,True,0.2848820686340332,3.8666050961274906e-111,0.1201292088836954,0.278477728897771,15.937377450509228
60,10,3,0.800000000000000,0.750000000000000,4,True,0.2799851894378662,3.24118053169058e-111,0.1133993650022874,0.23117339034623519,14.7648230602334
60,10,3,0.800000000000000,0.800000000000000,2,True,0.2917294502258301,3.349855661587631e-111,0.1977047518008912,0.24148578293161194,15.394804318340652
60,10,3,0.800000000000000,0.800000000000000,0,True,0.3585226535797119,6.9993031681267185e-112,0.1789360960450205,0.22600715944947028,14.560219778561036
60,10,3,0.800000000000000,0.750000000000000,3,True,0.3030204772949219,3.171087893956784e-110,0.11175796088733933,0.27970087479172273,15.811388300841898
60,10,3,0.800000000000000,0.800000000000000,3,True,0.2734036445617676,3.1278493875062447e-111,0.15805210989356214,0.30233535737243633,14.7648230602334
60,10,3,0.800000000000000,0.800000000000000,1,True,0.34151339530944824,1.3785677867667541e-111,0.17379593428735135,0.22553660357359304,16.24807680927192
60,10,3,0.800000000000000,0.800000000000000,4,True,0.29666662216186523,3.920162386896571e-111,0.14719310476291855,0.22187190747076663,15.264337522473747
60,10,3,0.800000000000000,0.990000000000000,0,True,0.48863792419433594,5.3550300900113236e-111,0.8576862659782454,0.27054632524972305,14.491376746189438
60,10,3,0.800000000000000,0.990000000000000,2,True,0.43903446197509766,9.711682544907524e-111,0.8534629874535157,0.27854216952116,16.186414056238647
60,10,3,0.800000000000000,0.990000000000000,1,True,0.4867992401123047,8.356192136856007e-112,0.8566658056163903,0.22934044480713559,15.459624833740307
60,10,5,0.800000000000000,0.750000000000000,0,False,0.27553653717041016,8.49052001254328e-112,0.10979832783176795,0.2499228995789512,23.45207879911715
60,10,5,0.800000000000000,0.750000000000000,3,True,0.3369560241699219,5.298620329871312e-111,0.10416490657182198,0.2681201930230534,23.130067012440755
60,10,3,0.800000000000000,0.990000000000000,3,True,0.7731904983520508,4.751013050156364e-111,0.8542718935086137,0.2206684665099851,15.556349186104047
60,10,3,0.800000000000000,0.990000000000000,4,True,0.6864619255065918,2.387320536960975e-111,0.856872491436087,0.24944231863509195,14.66287829861518
60,10,5,0.800000000000000,0.750000000000000,2,False,0.34273552894592285,4.7549579033823735e-111,0.11448460678290863,0.26375252515241693,25.514701644346147
60,10,5,0.800000000000000,0.750000000000000,1,True,0.3524904251098633,1.6938821014888345e-110,0.1428887894157658,0.2744095297389823,22.9128784747792
60,10,5,0.800000000000000,0.800000000000000,3,True,0.40545225143432617,4.642761505741874e-111,0.184959772141301,0.2397727467016081,25.13961017995307
60,10,5,0.800000000000000,0.750000000000000,4,False,0.42642998695373535,2.266808292086587e-110,0.1276522362116545,0.24711741406837617,26.038433132583073
60,10,5,0.800000000000000,0.800000000000000,2,True,0.3200359344482422,3.4591856309446565e-111,0.16902913964881341,0.27612289766377407,24.24871130596428
60,10,5,0.800000000000000,0.800000000000000,0,True,0.3854506015777588,4.197720032201486e-111,0.13788114224837586,0.25687122219884767,24.08318915758459
60,10,5,0.800000000000000,0.800000000000000,1,True,0.44382476806640625,5.396815120887737e-110,0.19677792573425862,0.24173803367227223,22.869193252058544
60,10,5,0.800000000000000,0.990000000000000,0,True,0.4661703109741211,5.3987762140819745e-112,0.8664049409150603,0.2313074432423423,23.15167380558045
60,10,5,0.800000000000000,0.800000000000000,4,True,0.284635066986084,3.626373307252012e-112,0.16443348838927221,0.19888394298154238,24.779023386727733
60,10,5,0.800000000000000,0.990000000000000,1,True,0.5276143550872803,2.519131063977521e-111,0.8520141863580022,0.2612187884831562,25.13961017995307
60,10,5,0.800000000000000,0.990000000000000,2,True,0.5916717052459717,6.200290231762076e-111,0.8534799603883864,0.24360652557291104,24.515301344262525
60,10,5,0.800000000000000,0.990000000000000,3,True,0.5951437950134277,3.4817927293156245e-111,0.848771509506231,0.26347015640759097,22.181073012818835
60,10,8,0.800000000000000,0.750000000000000,0,False,0.3484814167022705,6.535736044141372e-111,0.10959203437847509,0.2586742749920416,39.97499218261337
60,10,8,0.800000000000000,0.750000000000000,2,False,1.2398362159729004,2.6060383891564002e-111,0.13686936582417347,0.22679229754751695,37.5632799419859
60,10,5,0.800000000000000,0.990000000000000,4,True,0.6150979995727539,6.994725889641356e-112,0.8621682889267752,0.2235323787585977,23.664319132398465
60,10,8,0.800000000000000,0.750000000000000,1,False,0.37806010246276855,4.167072005226288e-111,0.11616584004238943,0.26199590355968894,33.555923471125034
60,10,8,0.800000000000000,0.750000000000000,3,False,1.2066781520843506,1.8178040412887263e-111,0.11100794142922901,0.2523162986562797,38.0
60,10,8,0.800000000000000,0.750000000000000,4,False,0.3646407127380371,4.416478962119153e-111,0.14899684124556117,0.24686237530619182,38.36665218650175
60,10,8,0.800000000000000,0.800000000000000,0,False,0.2588343620300293,1.7810122390444997e-111,0.15819815879385793,0.2559763163555094,37.5632799419859
60,10,8,0.800000000000000,0.800000000000000,1,False,0.26760005950927734,2.8923670216170064e-111,0.16864438011397276,0.23307976279386397,37.04051835490427
60,10,8,0.800000000000000,0.800000000000000,2,False,0.3033132553100586,6.326450109525214e-111,0.16035366865917752,0.24886363313266566,39.97499218261337
60,10,8,0.800000000000000,0.800000000000000,3,False,0.3584725856781006,1.1232563879401737e-111,0.1464737619726293,0.19216142160013588,38.0
60,10,8,0.800000000000000,0.990000000000000,0,True,0.49974703788757324,4.96465181687199e-111,0.8542787118178425,0.27706645156840026,35.14256678161116
60,10,8,0.800000000000000,0.800000000000000,4,False,0.33214783668518066,4.20383253875751e-111,0.18370831296226264,0.2376523952430683,36.41428291206625
60,10,8,0.800000000000000,0.990000000000000,1,True,0.49479103088378906,2.6465546701051815e-111,0.8535968142956886,0.24242361760356862,36.837480912787726
60,10,8,0.800000000000000,0.990000000000000,4,True,0.476625919342041,2.502362073528506e-111,0.8571525707275313,0.20604393229265927,40.7308237088326
60,10,8,0.800000000000000,0.990000000000000,2,True,0.5517184734344482,2.6346524484750176e-110,0.847094846527735,0.27100310230168173,39.74921382870358
60,10,8,0.800000000000000,0.990000000000000,3,True,0.5200822353363037,5.1321374955557924e-111,0.8572443444261639,0.2428550887414944,35.566838487557476
100,3,3,0.800000000000000,0.750000000000000,0,False,1.280752420425415,4.279396338539489e-146,0.01626534479824131,0.17210841347270092,21.77154105707724
100,3,3,0.800000000000000,0.750000000000000,1,False,1.1747405529022217,2.8475255557804437e-146,0.01583726675622496,0.181961981911998,19.157244060668017
100,3,3,0.800000000000000,0.750000000000000,2,False,1.2875752449035645,1.296833999982885e-146,0.01920348186378823,0.16550554458247782,20.83266665599966
100,3,3,0.800000000000000,0.800000000000000,2,False,1.1891875267028809,2.110151255610531e-146,0.037305849575777775,0.1839399111638126,19.131126469708992
100,3,3,0.800000000000000,0.800000000000000,4,False,1.3169341087341309,3.3239543050637796e-146,0.03139322320580959,0.18493683478931927,19.313207915827967
100,3,3,0.800000000000000,0.750000000000000,4,False,1.2160990238189697,4.288279530934824e-146,0.01675767754902176,0.16902340047440725,21.470910553583888
100,3,3,0.800000000000000,0.750000000000000,3,False,1.2893939018249512,8.75646682835516e-146,0.017443835938272548,0.1864194006647624,19.235384061671343
100,3,3,0.800000000000000,0.800000000000000,0,False,1.8208489418029785,2.9423248814991296e-147,0.040270368097581465,0.21715531602870608,20.71231517720798
100,3,3,0.800000000000000,0.990000000000000,0,False,5.65228796005249,2.6618764911728323e-146,0.11959218072440347,0.1660521257737312,19.949937343260004
100,3,3,0.800000000000000,0.800000000000000,1,False,1.8662421703338623,3.237095932793409e-147,0.04573890029540314,0.19129069083087102,21.02379604162864
100,3,3,0.800000000000000,0.800000000000000,3,False,1.9904112815856934,2.6702291117002793e-146,0.043164567287741915,0.16638475219380702,19.82422760159901
100,3,3,0.800000000000000,0.990000000000000,2,False,3.280794382095337,2.6980137599546747e-146,0.1311202689503659,0.18308452607956724,20.591260281974
100,3,3,0.800000000000000,0.990000000000000,1,False,3.1409809589385986,2.2159294929106657e-146,0.10294350269403672,0.1926090294740796,20.73644135332772
100,3,5,0.800000000000000,0.750000000000000,0,False,1.3039555549621582,2.327315080727665e-146,0.018358583869761566,0.2149519975229131,32.526911934581186
100,3,5,0.800000000000000,0.750000000000000,2,False,1.0769617557525635,3.869791803192973e-146,0.019077723659472235,0.18646341447552112,33.91164991562634
100,3,5,0.800000000000000,0.750000000000000,1,False,1.2827494144439697,2.0912870631765123e-146,0.028555845083087592,0.1740789434469751,31.937438845342623
100,3,3,0.800000000000000,0.990000000000000,3,False,3.2560393810272217,8.0719756856444e-147,0.11958969793044831,0.1829196317690456,19.364916731037084
100,3,3,0.800000000000000,0.990000000000000,4,False,3.3329875469207764,1.8188034323595948e-145,0.11045648198508724,0.19952857061315138,20.808652046684813
100,3,5,0.800000000000000,0.750000000000000,3,False,1.2675809860229492,1.548151841741504e-145,0.027396139017613036,0.2159354380830214,31.54362059117501
100,3,5,0.800000000000000,0.750000000000000,4,False,1.1847233772277832,2.838411939506056e-145,0.020216533070062347,0.19730348671965303,32.87856444554719
100,3,5,0.800000000000000,0.800000000000000,1,False,1.7356514930725098,1.3848698749277608e-146,0.03756777942359885,0.1688632616900444,33.19638534539566
100,3,5,0.800000000000000,0.800000000000000,0,False,1.3520872592926025,8.596576183388548e-146,0.03837829088071453,0.21718389252043963,28.774989139876315
100,3,5,0.800000000000000,0.800000000000000,2,False,1.87681245803833,8.442678708973069e-147,0.03270998442184529,0.177724707861072,30.919249667480614
100,3,5,0.800000000000000,0.990000000000000,1,False,3.774609088897705,2.9159275545323465e-145,0.1275809929715646,0.2787440216793883,32.526911934581186
100,3,5,0.800000000000000,0.800000000000000,4,False,1.7347149848937988,5.605440034495484e-147,0.04812294929205754,0.18741703103418547,32.817678162843876
100,3,5,0.800000000000000,0.800000000000000,3,False,1.8411428928375244,1.55372476968077e-146,0.03216236927608067,0.21738085264051685,33.0
100,3,8,0.800000000000000,0.750000000000000,0,False,1.285407304763794,8.749045656067183e-146,0.024830076435876095,0.17834481676572952,48.02082881417188
100,3,5,0.800000000000000,0.990000000000000,3,False,4.6850152015686035,4.540231478841424e-146,0.1179359315416363,0.1770202038550139,31.160872901765767
100,3,5,0.800000000000000,0.990000000000000,4,False,3.2706716060638428,1.4978262594280715e-145,0.12279965594939748,0.2126738418287298,29.79932885150268
100,3,5,0.800000000000000,0.990000000000000,0,False,5.189194440841675,2.1665039936782898e-145,0.12163055382663283,0.23817440980883167,32.17141588429082
100,3,5,0.800000000000000,0.990000000000000,2,False,4.998377323150635,2.658673446291227e-145,0.12281963929131251,0.18322358107185588,32.202484376209235
100,3,8,0.800000000000000,0.750000000000000,2,False,1.185453176498413,2.7175871980270232e-146,0.020268209233412975,0.17801048911357004,46.561786907291264
100,3,8,0.800000000000000,0.750000000000000,1,False,1.5799376964569092,4.438566310274218e-146,0.02529255078638994,0.23181442911203345,46.71188285650665
100,3,8,0.800000000000000,0.750000000000000,4,False,1.247044324874878,2.7359062597671854e-146,0.020589575970017426,0.1676754746779454,48.815980989835694
100,3,8,0.800000000000000,0.750000000000000,3,False,1.2544307708740234,4.696452176473025e-146,0.028528708066873822,0.18280517739093172,50.78385570237849
100,3,8,0.800000000000000,0.800000000000000,2,False,1.3931994438171387,6.259703617126948e-146,0.03024748234437917,0.21393813018877314,51.478150704935004
100,3,8,0.800000000000000,0.800000000000000,3,False,1.6995689868927002,4.55892716940348e-146,0.043458609904542214,0.1858960630210625,47.90615826801393
100,3,8,0.800000000000000,0.800000000000000,0,False,1.6541790962219238,9.155935978073474e-146,0.036467175995577965,0.19268165506064497,46.66904755831214
100,3,8,0.800000000000000,0.800000000000000,1,False,1.7319839000701904,3.486216909128676e-146,0.03817938324857737,0.18097579069223257,44.13615298142782
100,3,8,0.800000000000000,0.800000000000000,4,False,1.9401040077209473,6.877713920761217e-145,0.04559974065088208,0.20297837877763147,49.1121166312347
100,3,8,0.800000000000000,0.990000000000000,0,False,4.03698468208313,1.125158933411154e-144,0.12011685546636147,0.23592761614872973,48.579831205964474
100,3,8,0.800000000000000,0.990000000000000,1,False,5.051015138626099,3.1888776707001075e-146,0.1247985479731729,0.17276029636964454,50.61620293937506
100,3,8,0.800000000000000,0.990000000000000,2,False,4.956923961639404,7.605319249157973e-146,0.1225717012566128,0.1933064256171889,49.68903299521938
100,3,8,0.800000000000000,0.990000000000000,3,False,3.8006327152252197,3.2736838665682757e-146,0.13143302965018344,0.17068197101198754,46.45427859734774
100,3,8,0.800000000000000,0.990000000000000,4,False,3.769322633743286,1.7748994596369308e-146,0.12114192074283613,0.17433575013913422,47.968739820845826
100,6,3,0.800000000000000,0.750000000000000,1,False,1.7503924369812012,0.0,0.016483505229250173,0.0,20.12461179749811
100,6,3,0.800000000000000,0.750000000000000,4,False,1.79445219039917,0.0,0.027426685306183994,0.22012813128018188,19.87460691435179
100,6,3,0.800000000000000,0.750000000000000,3,False,1.9926445484161377,0.0,0.0220703858468244,0.18017842043034987,19.364916731037084
100,6,3,0.800000000000000,0.750000000000000,0,False,1.9486641883850098,0.0,0.02313657329870424,0.21121697145205529,20.273134932713294
100,6,3,0.800000000000000,0.750000000000000,2,False,1.9715726375579834,0.0,0.024832609771661712,0.0,19.82422760159901
100,6,3,0.800000000000000,0.800000000000000,1,False,2.3237740993499756,0.0,0.031709563610568155,0.0,20.904544960366874
100,6,3,0.800000000000000,0.800000000000000,0,False,2.1469669342041016,0.0,0.022764643379464322,0.0,19.235384061671343
100,6,3,0.800000000000000,0.800000000000000,2,False,2.185511589050293,0.0,0.03440774474744501,0.2429997957200994,19.467922333931785
100,6,3,0.800000000000000,0.800000000000000,3,False,2.3907454013824463,0.0,0.03310869695351852,0.0,18.734993995195197
100,6,3,0.800000000000000,0.800000000000000,4,False,2.7461185455322266,0.0,0.03782593181690361,0.23330077992240442,20.42057785666214
100,6,3,0.800000000000000,0.990000000000000,0,True,4.151983261108398,0.0,0.14255055278099507,0.23377967957762782,20.784609690826528
100,6,3,0.800000000000000,0.990000000000000,1,True,5.451592445373535,0.0,0.13268966475107394,0.0,18.973665961010276
100,6,3,0.800000000000000,0.990000000000000,2,True,5.5449182987213135,0.0,0.11821091972976489,0.0,20.29778313018444
100,6,3,0.800000000000000,0.990000000000000,3,False,5.612063646316528,0.0,0.11850127450642996,0.0,20.346989949375804
100,6,3,0.800000000000000,0.990000000000000,4,True,4.620836973190308,0.0,0.13355947139237692,0.0,20.46948949045872
100,6,5,0.800000000000000,0.750000000000000,0,False,1.8348782062530518,0.0,0.016887853243085275,0.0,31.304951684997057
100,6,5,0.800000000000000,0.750000000000000,1,False,1.690354824066162,0.0,0.025366487531026615,0.18588116744947647,29.832867780352597
100,6,5,0.800000000000000,0.750000000000000,2,False,1.9286558628082275,0.0,0.0225544341568959,0.0,31.032241298365804
100,6,5,0.800000000000000,0.750000000000000,4,False,1.5955841541290283,0.0,0.02403920654003107,0.0,32.55764119219941
100,6,5,0.800000000000000,0.750000000000000,3,False,1.7177250385284424,0.0,0.022709239325791664,0.0,32.41913015489465
100,6,5,0.800000000000000,0.800000000000000,0,False,2.0778424739837646,0.0,0.02925183985481009,0.22067670776035198,28.6705423736629
100,6,5,0.800000000000000,0.800000000000000,1,False,2.0336835384368896,0.0,0.04005639538450968,0.0,31.63858403911275
100,6,5,0.800000000000000,0.800000000000000,3,False,2.0451948642730713,0.0,0.03149667556358053,0.0,31.20897306865447
100,6,5,0.800000000000000,0.990000000000000,0,True,4.263611316680908,0.0,0.12661535552598752,0.0,32.63433774416144
100,6,5,0.800000000000000,0.990000000000000,1,False,4.143508434295654,0.0,0.1273300492914932,0.18100061362343722,29.512709126747414
100,6,5,0.800000000000000,0.800000000000000,4,False,1.8158795833587646,0.0,0.031810079927143686,0.0,29.017236257093817
100,6,5,0.800000000000000,0.800000000000000,2,False,1.722956657409668,0.0,0.03162964181684363,0.2218211062237735,29.0
100,6,5,0.800000000000000,0.990000000000000,3,False,5.889726400375366,0.0,0.11453066110585117,0.0,31.591137997862628
100,6,5,0.800000000000000,0.990000000000000,2,False,4.420929908752441,0.0,0.11591412408539864,0.0,30.62678566222711
100,6,8,0.800000000000000,0.750000000000000,0,False,2.869206666946411,0.0,0.017166936394258727,0.0,52.23983154643591
100,6,5,0.800000000000000,0.990000000000000,4,False,5.971705675125122,0.0,0.11689065720717227,0.0,34.27827300200522
100,6,8,0.800000000000000,0.750000000000000,1,False,2.036545515060425,0.0,0.02529013211238621,0.0,48.67237409455183
100,6,8,0.800000000000000,0.750000000000000,2,False,2.6249074935913086,0.0,0.022797909551201683,0.22212428464308598,47.78074926160116
100,6,8,0.800000000000000,0.750000000000000,3,False,1.5260369777679443,0.0,0.016583288646411135,0.0,46.03259714593562
100,6,8,0.800000000000000,0.800000000000000,1,False,2.0985543727874756,0.0,0.040596629155721084,0.0,49.49747468305833
100,6,8,0.800000000000000,0.750000000000000,4,False,1.892859935760498,0.0,0.022921394608709948,0.0,47.40253157796533
100,6,8,0.800000000000000,0.800000000000000,0,False,2.5752100944519043,0.0,0.030564685638071964,0.2268880326345387,51.7880295048962
100,6,8,0.800000000000000,0.800000000000000,2,False,2.9789958000183105,0.0,0.03227716195832974,0.1899149595220523,50.10987926547019
100,6,8,0.800000000000000,0.800000000000000,3,False,3.3160929679870605,0.0,0.04000829443369887,0.0,46.130250378683186
100,6,8,0.800000000000000,0.800000000000000,4,False,2.8424813747406006,0.0,0.04170232662259162,0.0,50.46781152378217
100,6,8,0.800000000000000,0.990000000000000,1,False,5.722787857055664,0.0,0.12793353642978078,0.0,51.05878964487897
100,6,8,0.800000000000000,0.990000000000000,0,False,5.975240707397461,0.0,0.12875322403388137,0.0,49.678969393496885
100,6,8,0.800000000000000,0.990000000000000,2,False,6.664319753646851,0.0,0.12194046231005332,0.2719227142305318,51.16639522186413
100,6,8,0.800000000000000,0.990000000000000,4,False,4.829019784927368,0.0,0.11601051674761984,0.0,52.38320341483518
100,6,8,0.800000000000000,0.990000000000000,3,False,7.550168752670288,0.0,0.11967581331404213,0.0,46.216880033165374
100,10,3,0.800000000000000,0.750000000000000,2,False,3.205725908279419,0.0,0.022655723618868806,0.17490030633644,20.29778313018444
100,10,3,0.800000000000000,0.750000000000000,0,False,2.1941070556640625,0.0,0.020889920408954002,0.0,20.445048300260872
100,10,3,0.800000000000000,0.750000000000000,1,False,2.930387020111084,0.0,0.024026663719758846,0.0,20.46948949045872
100,10,3,0.800000000000000,0.750000000000000,3,False,3.215479612350464,0.0,0.023153378785718094,0.21275853392343666,19.82422760159901
100,10,3,0.800000000000000,0.750000000000000,4,False,2.5164058208465576,0.0,0.024026377678975606,0.18133562679826518,18.439088914585774
100,10,3,0.800000000000000,0.800000000000000,0,False,3.3269906044006348,0.0,0.042055392119104806,0.0,21.02379604162864
100,10,3,0.800000000000000,0.800000000000000,1,False,2.923304557800293,0.0,0.034893939185544565,0.0,19.72308292331602
100,10,3,0.800000000000000,0.800000000000000,3,True,2.4737462997436523,0.0,0.034869874244366494,0.22110075354209496,19.621416870348583
100,10,3,0.800000000000000,0.800000000000000,2,False,3.5760319232940674,0.0,0.03382835595654788,0.0,19.924858845171276
100,10,3,0.800000000000000,0.800000000000000,4,False,2.187924385070801,0.0,0.028253361420969576,0.18536873398947473,20.09975124224178
100,10,3,0.800000000000000,0.990000000000000,0,True,7.090827941894531,0.0,0.12255029386244785,0.0,20.396078054371138
100,10,3,0.800000000000000,0.990000000000000,1,True,4.856693744659424,0.0,0.11758312641790813,0.0,20.518284528683193
100,10,3,0.800000000000000,0.990000000000000,2,True,5.963180065155029,0.0,0.13815966790724857,0.15889332575821866,19.390719429665317
100,10,3,0.800000000000000,0.990000000000000,3,True,5.967252254486084,0.0,0.1327491942775096,0.0,21.142374511865974
100,10,5,0.800000000000000,0.750000000000000,1,False,2.086120367050171,0.0,0.020997614642831987,0.0,33.46640106136302
100,10,3,0.800000000000000,0.990000000000000,4,True,6.15331768989563,0.0,0.12107885957034957,0.17627615987791942,19.05255888325765
100,10,5,0.800000000000000,0.750000000000000,2,False,2.449582576751709,0.0,0.026147340686212488,0.0,30.659419433511783
100,10,5,0.800000000000000,0.750000000000000,3,False,2.1259849071502686,0.0,0.023732308523072516,0.0,29.274562336608895
100,10,5,0.800000000000000,0.750000000000000,0,False,2.4624643325805664,0.0,0.02520925413337632,0.0,31.272991542223778
100,10,5,0.800000000000000,0.750000000000000,4,False,2.2234129905700684,0.0,0.01693555175897528,0.0,31.192947920964443
100,10,5,0.800000000000000,0.800000000000000,0,False,2.5244014263153076,0.0,0.031174364999992106,0.0,31.622776601683796
100,10,5,0.800000000000000,0.800000000000000,1,False,3.18607759475708,0.0,0.03561311425052851,0.0,31.28897569432403
100,10,5,0.800000000000000,0.800000000000000,2,False,2.356672763824463,0.0,0.042643827295895546,0.0,33.12099032335839
100,10,5,0.800000000000000,0.800000000000000,3,False,2.4985225200653076,0.0,0.03110098901055983,0.24798423127505695,32.46536616149585
100,10,5,0.800000000000000,0.800000000000000,4,False,3.202849864959717,0.0,0.03792453465763046,0.0,29.899832775452108
100,10,5,0.800000000000000,0.990000000000000,3,True,5.888797760009766,0.0,0.12890058558358583,0.0,31.71750305430741
100,10,5,0.800000000000000,0.990000000000000,4,True,6.506242036819458,0.0,0.12615375706247844,0.16771651413179098,32.984845004941285
100,10,5,0.800000000000000,0.990000000000000,1,True,6.3770973682403564,0.0,0.12369867652390858,0.1808332293589278,32.848135411313685
100,10,5,0.800000000000000,0.990000000000000,0,False,5.60235071182251,0.0,0.1155542222271337,0.0,32.2335229225724
100,10,5,0.800000000000000,0.990000000000000,2,True,5.509892463684082,0.0,0.13365548376032382,0.1689774437662602,31.464265445104544
100,10,8,0.800000000000000,0.750000000000000,0,False,2.9416205883026123,0.0,0.018553594119682965,0.0,48.569537778323564
100,10,8,0.800000000000000,0.750000000000000,1,False,2.261942148208618,0.0,0.020830368997574077,0.0,46.72258554489466
100,10,8,0.800000000000000,0.750000000000000,2,False,2.472139358520508,0.0,0.02381532032305429,0.0,53.16013544000805
100,10,8,0.800000000000000,0.750000000000000,3,False,2.8648059368133545,0.0,0.02572603200317519,0.179376120222659,42.871902220452036
100,10,8,0.800000000000000,0.800000000000000,1,False,2.3426716327667236,0.0,0.03492842109561615,0.0,49.77951385861457
100,10,8,0.800000000000000,0.750000000000000,4,False,2.3641812801361084,0.0,0.026775457128648077,0.20014758586582193,49.63869458396343
100,10,8,0.800000000000000,0.800000000000000,0,False,2.4318432807922363,0.0,0.03696772301194902,0.0,47.65501022977542
100,10,8,0.800000000000000,0.800000000000000,2,False,2.523155689239502,0.0,0.04321675463826504,0.0,46.97871858618538
100,10,8,0.800000000000000,0.800000000000000,4,False,2.68351149559021,0.0,0.0392089623856548,0.0,48.05205510693585
100,10,8,0.800000000000000,0.800000000000000,3,False,2.481914758682251,0.0,0.03527691482198857,0.0,47.97916214358062
100,10,8,0.800000000000000,0.990000000000000,0,False,7.07976508140564,0.0,0.13385255490625203,0.0,49.38623289946299
100,10,8,0.800000000000000,0.990000000000000,1,False,6.18330717086792,0.0,0.12228839389017328,0.0,49.90991885387112
100,10,8,0.800000000000000,0.990000000000000,2,False,6.132527112960815,0.0,0.11922014363688073,0.18012671631097607,50.0999001995014
100,10,8,0.800000000000000,0.990000000000000,3,False,5.80725359916687,0.0,0.111820727656606,0.0,46.57252408878007
100,10,8,0.800000000000000,0.990000000000000,4,False,5.8324220180511475,0.0,0.10792382899662892,0.0,49.49747468305833
160,3,3,0.800000000000000,0.750000000000000,0,False,14.616661787033081,0.0,0.0028189547287002753,0.0,25.019992006393608
160,3,3,0.800000000000000,0.750000000000000,3,False,17.271974563598633,0.0,0.0033536620237682724,0.13098389126179086,25.099800796022265
160,3,3,0.800000000000000,0.750000000000000,1,False,17.486631155014038,0.0,0.002639563530723356,0.0,26.40075756488817
160,3,3,0.800000000000000,0.750000000000000,2,False,18.016184091567993,0.0,0.003341024814157421,0.0,25.238858928247925
160,3,3,0.800000000000000,0.750000000000000,4,False,20.024948358535767,0.0,0.0025166387510135854,0.0,26.019223662515376
160,3,3,0.800000000000000,0.800000000000000,1,False,14.024961948394775,0.0,0.0054495289658835,0.0,25.495097567963924
160,3,3,0.800000000000000,0.800000000000000,0,False,22.18928074836731,0.0,0.004904079617569505,0.12567028820559323,25.39685019840059
160,3,3,0.800000000000000,0.800000000000000,2,False,20.682344436645508,0.0,0.005416988347800339,0.0,25.15949125081825
160,3,3,0.800000000000000,0.800000000000000,3,False,13.995469570159912,0.0,0.006520004786700695,0.16964775712537666,25.80697580112788
160,3,3,0.800000000000000,0.800000000000000,4,False,14.184179544448853,0.0,0.005688442799491022,0.0,24.24871130596428
160,3,3,0.800000000000000,0.990000000000000,0,False,25.27440357208252,0.0,0.034139489138790204,0.17013165518585108,27.184554438136374
160,3,5,0.800000000000000,0.750000000000000,1,False,13.232424974441528,0.0,0.002550597803729145,0.16279707818918912,41.32795663954365
160,3,5,0.800000000000000,0.750000000000000,0,False,15.18645453453064,0.0,0.0036629603922448497,0.17117124235280518,41.48493702538308
160,3,3,0.800000000000000,0.990000000000000,2,False,30.069074630737305,0.0,0.03210242790505968,0.0,26.758176320519304
160,3,3,0.800000000000000,0.990000000000000,1,False,26.169955253601074,0.0,0.03237788421685377,0.0,24.63736998950984
160,3,5,0.800000000000000,0.750000000000000,2,False,20.96492314338684,0.0,0.0032905809448159984,0.0,39.98749804626441
160,3,5,0.800000000000000,0.750000000000000,3,False,19.48271632194519,0.0,0.003250135904684353,0.0,40.718546143004666
160,3,5,0.800000000000000,0.750000000000000,4,False,13.411771297454834,0.0,0.002698629824280952,0.0,39.96248240537617
160,3,3,0.800000000000000,0.990000000000000,3,False,31.106647729873657,0.0,0.03325199088994882,0.0,25.03996805109783
160,3,3,0.800000000000000,0.990000000000000,4,False,31.77981185913086,0.0,0.03370313128126399,0.16655369532752717,26.210684844162312
160,3,5,0.800000000000000,0.800000000000000,0,False,14.66836953163147,0.0,0.00496787662514764,0.0,40.84115571332428
160,3,5,0.800000000000000,0.800000000000000,1,False,15.985445022583008,0.0,0.006716292172647337,0.0,39.179076048319466
160,3,5,0.800000000000000,0.800000000000000,4,False,14.375517845153809,0.0,0.004488784316490328,0.0,39.93745109543172
160,3,5,0.800000000000000,0.800000000000000,2,False,13.711436748504639,0.0,0.005730518862443642,0.14592208860848996,41.892720131306824
160,3,5,0.800000000000000,0.800000000000000,3,False,19.092281341552734,0.0,0.005073065729407031,0.0,40.607881008493905
160,3,8,0.800000000000000,0.750000000000000,0,False,16.699368715286255,0.0,0.00260854291709352,0.0,61.36774397026503
160,3,5,0.800000000000000,0.990000000000000,0,False,30.898958921432495,0.0,0.030437584382390453,0.16551504421841023,39.05124837953327
160,3,5,0.800000000000000,0.990000000000000,2,False,34.376625299453735,0.0,0.03079445973892717,0.14022760624876224,41.72529209005013
160,3,8,0.800000000000000,0.750000000000000,1,False,14.1515634059906,0.0,0.0022829117550996363,0.17020612446997394,58.93216439263028
160,3,5,0.800000000000000,0.990000000000000,3,False,34.53666400909424,0.0,0.03360810341068818,0.14066229589047108,41.53311931459037
160,3,5,0.800000000000000,0.990000000000000,1,False,34.171494245529175,0.0,0.029473696213025143,0.0,39.59797974644666
160,3,5,0.800000000000000,0.990000000000000,4,False,32.801520109176636,0.0,0.029339423516875317,0.0,40.607881008493905
160,3,8,0.800000000000000,0.750000000000000,2,False,12.27813720703125,0.0,0.003418836872787647,0.13898013608532206,63.05553108173778
160,3,8,0.800000000000000,0.750000000000000,3,False,12.128702640533447,0.0,0.002433179510334223,0.0,61.188234163113414
160,3,8,0.800000000000000,0.750000000000000,4,False,18.479398727416992,0.0,0.002183389637083211,0.0,61.78187436457395
160,3,8,0.800000000000000,0.800000000000000,0,False,20.1562716960907,0.0,0.005408085063928066,0.0,64.74565622495459
160,3,8,0.800000000000000,0.800000000000000,1,False,21.576669692993164,0.0,0.005174218958011435,0.0,60.09991680526688
160,3,8,0.800000000000000,0.800000000000000,2,False,11.235246181488037,0.0,0.005219937321638825,0.0,64.98461356351979
160,3,8,0.800000000000000,0.800000000000000,3,False,13.091829776763916,0.0,0.0048360035298758855,0.0,61.98386886924694
160,3,8,0.800000000000000,0.800000000000000,4,False,18.09212303161621,0.0,0.00521455705320273,0.0,61.75759062657804
160,3,8,0.800000000000000,0.990000000000000,0,False,30.19342851638794,0.0,0.031161531535724797,0.0,60.597029630172464
160,3,8,0.800000000000000,0.990000000000000,1,False,30.894368410110474,0.0,0.0374894857909194,0.0,62.13694553162394
160,3,8,0.800000000000000,0.990000000000000,2,False,28.859702110290527,0.0,0.03258638731988986,0.0,64.74565622495459
160,3,8,0.800000000000000,0.990000000000000,3,False,27.34291172027588,0.0,0.03512937379678195,0.17658149902211967,58.077534382926416
160,3,8,0.800000000000000,0.990000000000000,4,False,25.76043701171875,0.0,0.033635880487950166,0.0,58.881236400062114
160,6,3,0.800000000000000,0.750000000000000,0,False,17.81245183944702,0.0,0.0022397677483344523,0.0,25.199206336708304
160,6,3,0.800000000000000,0.750000000000000,1,False,26.497120141983032,0.0,0.0029567478100033908,0.0,25.13961017995307
160,6,3,0.800000000000000,0.750000000000000,2,False,26.648213386535645,0.0,0.002032580448967021,0.0,24.474476501040833
160,6,3,0.800000000000000,0.750000000000000,3,False,22.31755256652832,0.0,0.002063598924279722,0.0,25.03996805109783
160,6,3,0.800000000000000,0.750000000000000,4,False,18.883354425430298,0.0,0.0019780373058149387,0.0,25.298221281347036
160,6,3,0.800000000000000,0.800000000000000,0,False,25.444472312927246,0.0,0.005096130213049015,0.0,24.677925358506133
160,6,3,0.800000000000000,0.800000000000000,2,False,23.291224479675293,0.0,0.004863202432718295,0.0,25.455844122715714
160,6,3,0.800000000000000,0.800000000000000,1,False,28.18533182144165,0.0,0.00566087304910369,0.18479453281119892,26.115129714401192
160,6,3,0.800000000000000,0.800000000000000,3,False,24.24241876602173,0.0,0.00447213710264932,0.0,25.13961017995307
160,6,3,0.800000000000000,0.800000000000000,4,False,24.255351543426514,0.0,0.005890178014778494,0.0,24.474476501040833
160,6,3,0.800000000000000,0.990000000000000,0,False,30.81223177909851,0.0,0.03239771604360398,0.0,25.63201123595259
160,6,3,0.800000000000000,0.990000000000000,1,False,38.33541178703308,0.0,0.03132627780658304,0.15521718682937363,24.08318915758459
160,6,5,0.800000000000000,0.750000000000000,0,False,25.338347673416138,0.0,0.0015826832874239046,0.17978747720380606,41.15823125451335
160,6,3,0.800000000000000,0.990000000000000,2,False,55.73949313163757,0.0,0.03156097050880769,0.0,25.13961017995307
160,6,5,0.800000000000000,0.750000000000000,1,False,17.568795919418335,0.0,0.0018608526117147102,0.13903160722644275,39.64845520319802
160,6,3,0.800000000000000,0.990000000000000,3,False,57.22049307823181,0.0,0.03246204492781756,0.0,25.826343140289914
160,6,3,0.800000000000000,0.990000000000000,4,False,52.87318396568298,0.0,0.03119705260395243,0.0,26.076809620810597
160,6,5,0.800000000000000,0.750000000000000,2,False,15.18015193939209,0.0,0.0018334297965395907,0.0,39.59797974644666
160,6,5,0.800000000000000,0.750000000000000,4,False,23.137797355651855,0.0,0.0018632780640645604,0.0,39.05124837953327
160,6,5,0.800000000000000,0.750000000000000,3,False,24.900033235549927,0.0,0.0024708406515228606,0.15774679762893776,41.0
160,6,5,0.800000000000000,0.800000000000000,0,False,20.284342288970947,0.0,0.004142542591176801,0.1504112625443753,41.737273509418415
160,6,5,0.800000000000000,0.800000000000000,1,False,14.91481876373291,0.0,0.0029929474307123843,0.0,41.23105625617661
160,6,5,0.800000000000000,0.800000000000000,2,False,16.574076652526855,0.0,0.0037525714899470843,0.16932795738302486,41.13392760240626
160,6,5,0.800000000000000,0.800000000000000,3,False,16.766351222991943,0.0,0.006053951848464998,0.0,40.80441152620633
160,6,5,0.800000000000000,0.800000000000000,4,False,27.19597625732422,0.0,0.004242744884676441,0.0,39.03844259188627
160,6,5,0.800000000000000,0.990000000000000,0,False,34.313220262527466,0.0,0.03268126579337641,0.0,39.331920878594275
160,6,5,0.800000000000000,0.990000000000000,2,False,39.52049231529236,0.0,0.028253598798454547,0.0,39.949968710876355
160,6,5,0.800000000000000,0.990000000000000,1,False,44.2301664352417,0.0,0.030857987644834585,0.0,39.191835884530846
160,6,8,0.800000000000000,0.750000000000000,0,False,18.106324672698975,0.0,0.0012736671640206205,0.0,60.74537019394976
160,6,5,0.800000000000000,0.990000000000000,3,False,33.44359350204468,0.0,0.03220716823346907,0.0,40.681691213615984
160,6,8,0.800000000000000,0.750000000000000,1,False,19.822917461395264,0.0,0.0022474139721529525,0.0,64.43601477434805
160,6,5,0.800000000000000,0.990000000000000,4,False,39.611029863357544,0.0,0.03618664214408943,0.0,39.370039370059054
160,6,8,0.800000000000000,0.750000000000000,2,False,17.600337028503418,0.0,0.0020398251448093593,0.14108312031887826,63.150613615387776
160,6,8,0.800000000000000,0.750000000000000,3,False,15.01369857788086,0.0,0.001530798367326743,0.0,59.295868321494375
160,6,8,0.800000000000000,0.750000000000000,4,False,15.918975353240967,0.0,0.0017280332808071056,0.0,59.413803110051795
160,6,8,0.800000000000000,0.800000000000000,0,False,18.733424186706543,0.0,0.005795169074788713,0.0,61.48983655857283
160,6,8,0.800000000000000,0.800000000000000,1,False,18.892321825027466,0.0,0.003507215982107163,0.14174596710856682,61.806148561449774
160,6,8,0.800000000000000,0.800000000000000,2,False,23.013055562973022,0.0,0.005053471024189861,0.0,62.19324722186485
160,6,8,0.800000000000000,0.800000000000000,3,False,24.902029752731323,0.0,0.004212085031658035,0.0,61.95966429863868
160,6,8,0.800000000000000,0.800000000000000,4,False,24.914578199386597,0.0,0.004682577773268197,0.0,59.682493245507096
160,6,8,0.800000000000000,0.990000000000000,0,False,43.26887655258179,0.0,0.035629137123028135,0.0,59.30430001273095
160,6,8,0.800000000000000,0.990000000000000,1,False,37.275267362594604,0.0,0.031611613211722525,0.0,64.17164482853778
160,6,8,0.800000000000000,0.990000000000000,2,False,40.39686608314514,0.0,0.03223414961896876,0.0,62.385895841928885
160,6,8,0.800000000000000,0.990000000000000,3,False,42.322532653808594,0.0,0.030324382036282703,0.14259624318918254,57.54128952326321
160,6,8,0.800000000000000,0.990000000000000,4,False,45.22148680686951,0.0,0.02914383003927452,0.0,61.57921727336261
160,10,3,0.800000000000000,0.750000000000000,1,False,23.106876373291016,,inf,0.15618577725645422,26.720778431774775
160,10,3,0.800000000000000,0.750000000000000,2,False,18.353037357330322,,inf,0.0,25.475478405713993
160,10,3,0.800000000000000,0.750000000000000,0,False,28.680422067642212,,inf,0.0,25.768197453450252
160,10,3,0.800000000000000,0.750000000000000,3,False,22.960076332092285,,inf,0.0,25.748786379167466
160,10,3,0.800000000000000,0.750000000000000,4,False,22.844438791275024,,inf,0.183587591588375,24.454038521274967
160,10,3,0.800000000000000,0.800000000000000,0,False,21.520732402801514,,inf,0.16842504828888055,24.413111231467404
160,10,3,0.800000000000000,0.800000000000000,1,False,20.422744512557983,,inf,0.13539871380103558,25.37715508089904
160,10,3,0.800000000000000,0.800000000000000,2,False,20.08141779899597,,inf,0.0,26.720778431774775
160,10,3,0.800000000000000,0.800000000000000,3,False,19.990323781967163,,inf,0.0,26.570660511172846
160,10,3,0.800000000000000,0.800000000000000,4,False,16.99246573448181,,inf,0.0,26.13426869074396
160,10,3,0.800000000000000,0.990000000000000,0,False,34.272706031799316,,inf,0.17537796715819842,25.455844122715714
160,10,3,0.800000000000000,0.990000000000000,1,False,30.56478190422058,,inf,0.13760560022386306,25.436194683953808
160,10,3,0.800000000000000,0.990000000000000,2,False,31.511669397354126,,inf,0.0,24.43358344574123
160,10,3,0.800000000000000,0.990000000000000,3,False,43.842082023620605,,inf,0.0,24.779023386727733
160,10,5,0.800000000000000,0.750000000000000,2,False,13.703702211380005,,inf,0.0,37.589892258425
160,10,5,0.800000000000000,0.750000000000000,0,False,31.58947730064392,,inf,0.1479903414454855,40.90232267243512
160,10,3,0.800000000000000,0.990000000000000,4,False,52.18187928199768,,inf,0.0,26.1725046566048
160,10,5,0.800000000000000,0.750000000000000,1,False,25.488735675811768,,inf,0.0,40.69397989875161
160,10,5,0.800000000000000,0.750000000000000,3,False,25.605901956558228,,inf,0.0,39.68626966596886
160,10,5,0.800000000000000,0.750000000000000,4,False,27.630431413650513,,inf,0.1667488148466026,42.83689998120779
160,10,5,0.800000000000000,0.800000000000000,0,False,18.664230585098267,,inf,0.0,41.94043395102154
160,10,5,0.800000000000000,0.800000000000000,1,False,16.69067692756653,,inf,0.0,38.97435053981015
160,10,5,0.800000000000000,0.800000000000000,3,False,20.97199249267578,,inf,0.0,39.42080668885405
160,10,5,0.800000000000000,0.800000000000000,2,False,19.67535924911499,,inf,0.0,38.50973902793941
160,10,5,0.800000000000000,0.800000000000000,4,False,17.42256784439087,,inf,0.0,41.12177038990418
160,10,5,0.800000000000000,0.990000000000000,0,False,46.460710287094116,,inf,0.0,37.429934544425805
160,10,5,0.800000000000000,0.990000000000000,3,False,66.70063090324402,,inf,0.14394909087063715,41.0
160,10,5,0.800000000000000,0.990000000000000,1,False,71.62467861175537,,inf,0.0,40.311288741492746
160,10,5,0.800000000000000,0.990000000000000,2,False,73.85986733436584,,inf,0.0,38.24918299781056
160,10,5,0.800000000000000,0.990000000000000,4,False,49.88267421722412,,inf,0.0,38.948684188300895
160,10,8,0.800000000000000,0.750000000000000,0,False,32.95580244064331,,inf,0.0,60.29925372672534
160,10,8,0.800000000000000,0.750000000000000,2,False,25.966881275177002,,inf,0.0,63.953107821277925
160,10,8,0.800000000000000,0.750000000000000,3,False,22.107614040374756,,inf,0.0,60.802960454241045
160,10,8,0.800000000000000,0.750000000000000,1,False,27.474833488464355,,inf,0.17091440648449374,62.42595614005444
160,10,8,0.800000000000000,0.750000000000000,4,False,18.71453046798706,,inf,0.14821581602478512,62.161081071680215
160,10,8,0.800000000000000,0.800000000000000,1,False,20.467769622802734,,inf,0.0,63.06346010171025
160,10,8,0.800000000000000,0.800000000000000,0,False,23.566043376922607,,inf,0.0,62.30569797378086
160,10,8,0.800000000000000,0.800000000000000,2,False,20.82569122314453,,inf,0.0,62.99206299209449
160,10,8,0.800000000000000,0.800000000000000,4,False,28.886485815048218,,inf,0.0,60.09991680526688
160,10,8,0.800000000000000,0.800000000000000,3,False,26.275416135787964,,inf,0.16258693953668,63.37191807101944
160,10,8,0.800000000000000,0.990000000000000,0,False,34.78714370727539,,inf,0.0,61.63602842493991
160,10,8,0.800000000000000,0.990000000000000,1,False,47.92882537841797,,inf,0.16841004360428177,61.212743771211564
160,10,8,0.800000000000000,0.990000000000000,2,False,45.05932259559631,,inf,0.0,62.55397669213365
160,10,8,0.800000000000000,0.990000000000000,3,False,41.30277371406555,,inf,0.13845775389730158,59.69924622639719
160,10,8,0.800000000000000,0.990000000000000,4,False,41.02197456359863,,inf,0.14127094373623875,63.474404290233394
